"Date","Price","Open","High","Low","Vol.","Change %"
"05/12/2024","70.52","71.33","71.83","68.75","","-1.49%"
"05/05/2024","71.59","71.74","75.50","69.61","","-0.35%"
"04/28/2024","71.84","67.00","74.55","65.01","","6.41%"
"04/21/2024","67.51","68.00","69.92","64.80","","-1.47%"
"04/14/2024","68.52","71.55","74.90","68.13","","-4.36%"
"04/07/2024","71.64","60.72","71.81","59.69","","17.42%"
"03/31/2024","61.01","61.22","61.50","56.91","","-1.49%"
"03/24/2024","61.93","61.69","65.74","61.08","","0.70%"
"03/17/2024","61.50","59.50","62.87","58.80","","3.57%"
"03/10/2024","59.38","58.22","60.25","55.08","","1.50%"
"03/03/2024","58.50","56.40","62.80","53.50","","3.89%"
"02/25/2024","56.31","52.11","58.87","51.55","","7.24%"
"02/18/2024","52.51","57.11","57.11","51.12","","-8.05%"
"02/11/2024","57.11","58.64","59.05","55.41","","-2.87%"
"02/04/2024","58.80","63.80","64.31","58.20","","-7.40%"
"01/28/2024","63.50","63.60","65.14","61.30","","0.63%"
"01/21/2024","63.10","63.03","66.43","60.86","","-0.50%"
"01/14/2024","63.42","66.00","67.46","62.50","","-0.60%"
"01/07/2024","63.80","73.68","73.75","63.00","","-13.75%"
"12/31/2023","73.97","77.98","78.22","73.04","","-5.14%"
"12/24/2023","77.98","76.94","78.61","76.94","","1.35%"
"12/17/2023","76.94","68.26","77.08","67.03","","13.87%"
"12/10/2023","67.57","68.50","70.16","65.99","","-1.53%"
"12/03/2023","68.62","72.03","72.08","68.37","","-5.29%"
"11/26/2023","72.45","76.34","76.50","70.44","","-5.24%"
"11/19/2023","76.46","76.63","77.80","74.88","","0.30%"
"11/12/2023","76.23","78.50","80.27","76.02","","-2.89%"
"11/05/2023","78.50","77.48","78.85","74.84","","1.68%"
"10/29/2023","77.20","79.45","80.98","76.24","","-2.72%"
"10/22/2023","79.36","81.39","81.50","79.30","","-2.83%"
"10/15/2023","81.67","85.58","85.93","80.84","","-4.66%"
"10/08/2023","85.66","80.65","86.60","80.00","","6.25%"
"10/01/2023","80.62","81.42","82.39","79.52","","-1.02%"
"09/24/2023","81.45","85.95","85.95","81.42","","-4.51%"
"09/17/2023","85.30","82.18","86.05","80.51","","3.90%"
"09/10/2023","82.10","81.79","84.09","80.57","","0.59%"
"09/03/2023","81.62","85.63","85.63","81.28","","-4.69%"
"08/27/2023","85.64","85.40","87.28","84.52","","0.46%"
"08/20/2023","85.25","88.62","90.39","84.50","","-3.18%"
"08/13/2023","88.05","86.57","89.87","86.00","","1.44%"
"08/06/2023","86.80","83.55","86.92","82.31","","4.06%"
"07/30/2023","83.41","88.34","89.42","83.01","","-5.96%"
"07/23/2023","88.70","91.82","93.50","88.16","","-3.40%"
"07/16/2023","91.82","85.93","92.30","85.18","","6.33%"
"07/09/2023","86.35","86.16","88.32","85.11","","0.23%"
"07/02/2023","86.15","89.12","89.83","85.33","","-3.82%"
"06/25/2023","89.57","87.69","89.70","85.80","","2.31%"
"06/18/2023","87.55","91.70","96.00","87.55","","-4.75%"
"06/11/2023","91.92","86.75","95.18","84.88","","6.71%"
"06/04/2023","86.14","79.05","87.30","78.01","","9.70%"
"05/28/2023","78.52","83.01","84.46","78.47","","-5.55%"
"05/21/2023","83.13","89.43","89.71","81.94","","-7.04%"
"05/14/2023","89.43","88.50","91.24","86.13","","0.56%"
"05/07/2023","88.93","85.00","90.12","84.50","","4.67%"
"04/30/2023","84.96","87.39","90.82","83.25","","-3.07%"
"04/23/2023","87.65","90.11","90.11","85.16","","-2.46%"
"04/16/2023","89.86","94.14","96.47","89.25","","-4.52%"
"04/09/2023","94.11","96.75","98.43","93.10","","-2.73%"
"04/02/2023","96.75","91.75","98.00","91.69","","5.45%"
"03/26/2023","91.75","88.02","92.89","86.73","","7.44%"
"03/19/2023","85.40","83.70","91.02","82.13","","-0.20%"
"03/12/2023","85.57","96.30","96.30","83.43","","-11.63%"
"03/05/2023","96.83","90.50","96.93","89.05","","8.47%"
"02/26/2023","89.27","95.64","97.20","88.47","","-5.82%"
"02/19/2023","94.79","94.63","97.99","93.26","","1.56%"
"02/12/2023","93.33","90.10","95.42","87.24","","3.20%"
"02/05/2023","90.44","90.44","92.34","86.50","","-0.51%"
"01/29/2023","90.90","87.05","94.26","85.84","","4.55%"
"01/22/2023","86.94","82.59","88.00","78.90","","5.25%"
"01/15/2023","82.60","76.80","82.73","74.75","","6.99%"
"01/08/2023","77.20","74.80","79.79","74.80","","2.18%"
"01/01/2023","75.55","80.17","83.68","74.85","","-4.85%"
"12/25/2022","79.40","85.92","88.50","78.23","","-8.58%"
"12/18/2022","86.85","86.57","88.05","83.85","","3.79%"
"12/11/2022","83.68","87.50","90.41","83.07","","-4.62%"
"12/04/2022","87.73","87.85","89.54","85.40","","-0.28%"
"11/27/2022","87.98","78.92","88.69","76.92","","11.41%"
"11/20/2022","78.97","72.44","79.76","71.68","","8.97%"
"11/13/2022","72.47","75.69","77.41","71.89","112.03K","-4.44%"
"11/06/2022","75.84","76.36","78.20","70.50","125.86K","-0.68%"
"10/30/2022","76.36","81.77","82.00","75.36","94.66K","-5.97%"
"10/23/2022","81.21","69.00","82.58","67.64","123.12K","18.18%"
"10/16/2022","68.72","68.01","69.69","66.26","84.55K","1.03%"
"10/09/2022","68.02","68.98","69.50","65.01","94.22K","-2.62%"
"10/02/2022","69.85","66.55","71.36","64.25","85.10K","4.68%"
"09/25/2022","66.73","65.15","71.95","64.10","97.30K","1.46%"
"09/18/2022","65.77","73.32","73.80","65.35","85.07K","-10.24%"
"09/11/2022","73.27","65.99","73.93","65.73","110.26K","10.88%"
"09/04/2022","66.08","77.49","77.49","65.55","139.95K","-15.16%"
"08/28/2022","77.89","90.50","90.50","77.45","114.73K","-13.75%"
"08/21/2022","90.31","98.50","98.69","87.20","85.13K","-7.86%"
"08/14/2022","98.01","89.35","99.22","88.50","86.21K","10.28%"
"08/07/2022","88.87","85.00","89.25","83.65","72.57K","4.85%"
"07/31/2022","84.76","78.50","85.45","78.10","75.47K","7.91%"
"07/24/2022","78.55","76.12","80.12","75.49","91.34K","2.95%"
"07/17/2022","76.30","85.50","85.50","76.00","131.81K","-10.63%"
"07/10/2022","85.38","82.77","86.57","82.70","71.98K","3.13%"
"07/03/2022","82.79","85.58","87.17","82.52","71.92K","-3.26%"
"06/26/2022","85.58","84.00","90.35","83.00","89.16K","2.58%"
"06/19/2022","83.43","83.50","85.43","81.20","81.00K","1.29%"
"06/12/2022","82.37","82.10","86.98","79.81","83.66K","0.62%"
"06/05/2022","81.86","87.21","87.21","79.10","97.36K","-5.77%"
"05/29/2022","86.87","84.36","88.64","83.09","50.05K","3.17%"
"05/22/2022","84.20","80.16","85.33","77.38","89.17K","4.74%"
"05/15/2022","80.39","87.70","92.75","80.16","114.74K","-9.14%"
"05/08/2022","88.48","91.37","92.22","81.90","117.22K","-3.34%"
"05/01/2022","91.54","83.59","92.45","82.44","110.30K","8.40%"
"04/24/2022","84.45","88.09","88.32","78.80","105.49K","-5.10%"
"04/17/2022","88.99","80.14","89.89","79.52","86.02K","11.28%"
"04/10/2022","79.97","79.75","80.25","76.85","62.73K","-0.15%"
"04/03/2022","80.09","78.22","80.98","76.34","86.68K","2.04%"
"03/27/2022","78.49","78.70","81.99","75.35","137.92K","-0.14%"
"03/20/2022","78.60","78.72","81.40","75.85","97.91K","-0.37%"
"03/13/2022","78.89","76.00","81.50","75.01","109.52K","2.77%"
"03/06/2022","76.76","64.29","78.00","56.50","177.34K","17.91%"
"02/27/2022","65.10","85.94","86.00","55.00","269.72K","-26.14%"
"02/20/2022","88.14","89.07","95.56","86.15","143.01K","-1.49%"
"02/13/2022","89.47","93.70","94.00","85.80","133.53K","-3.66%"
"02/06/2022","92.87","96.62","98.49","88.50","144.11K","-3.71%"
"01/30/2022","96.45","89.37","97.50","87.16","130.41K","8.10%"
"01/23/2022","89.22","84.40","90.63","83.02","124.20K","5.62%"
"01/16/2022","84.47","82.70","85.97","79.00","145.20K","2.91%"
"01/09/2022","82.08","86.12","87.00","77.55","124.62K","-3.91%"
"01/02/2022","85.42","79.80","88.55","79.80","77.37K","5.91%"
"12/26/2021","80.65","75.87","81.25","75.04","34.32K","5.69%"
"12/19/2021","76.31","74.00","82.85","73.42","99.41K","3.09%"
"12/12/2021","74.02","84.80","87.40","73.25","145.20K","-12.27%"
"12/05/2021","84.37","79.14","91.19","78.74","121.60K","7.29%"
"11/28/2021","78.64","74.20","80.80","73.54","67.07K","7.55%"
"11/21/2021","73.12","70.09","75.37","69.10","53.79K","4.98%"
"11/14/2021","69.65","63.94","70.10","63.94","44.17K","9.55%"
"11/07/2021","63.58","60.27","64.81","60.16","36.10K","6.45%"
"10/31/2021","59.73","59.41","61.76","57.00","40.67K","1.10%"
"10/24/2021","59.08","59.51","60.54","58.32","25.28K","0.75%"
"10/17/2021","58.64","58.93","60.53","54.45","36.25K","-1.92%"
"10/10/2021","59.79","58.67","62.19","58.49","24.82K","1.75%"
"10/03/2021","58.76","63.27","65.80","58.20","42.36K","-5.91%"
"09/26/2021","62.45","64.25","66.00","60.73","29.91K","-1.33%"
"09/19/2021","63.29","59.59","64.50","58.88","27.78K","5.80%"
"09/12/2021","59.82","61.23","62.99","58.64","29.58K","-2.29%"
"09/05/2021","61.22","62.48","63.61","60.95","17.86K","-0.67%"
"08/29/2021","61.63","60.31","62.75","59.89","20.19K","3.89%"
"08/22/2021","59.32","55.53","60.25","55.26","20.17K","8.41%"
"08/15/2021","54.72","55.50","58.60","52.86","21.69K","-1.83%"
"08/08/2021","55.74","56.90","58.53","55.58","9.70K","-2.24%"
"08/01/2021","57.02","53.47","57.30","53.46","8.08K","6.20%"
"07/25/2021","53.69","51.10","54.69","50.96","8.29K","4.74%"
"07/18/2021","51.26","53.00","54.35","50.37","21.88K","-3.79%"
"07/11/2021","53.28","54.22","55.88","51.70","12.21K","-2.54%"
"07/04/2021","54.67","58.02","58.69","51.32","14.17K","-5.35%"
"06/27/2021","57.76","55.89","59.00","55.05","18.74K","4.11%"
"06/20/2021","55.48","52.16","56.16","51.99","28.36K","6.16%"
"06/13/2021","52.26","53.43","54.36","50.76","13.25K","-1.53%"
"06/06/2021","53.07","49.83","54.60","49.83","11.14K","5.15%"
"05/30/2021","50.47","52.38","53.70","49.80","12.06K","-2.15%"
"05/23/2021","51.58","52.20","55.23","50.78","16.28K","-1.62%"
"05/16/2021","52.43","57.02","57.37","49.30","39.43K","-8.39%"
"05/09/2021","57.23","51.50","57.48","51.50","24.94K","12.37%"
"05/02/2021","50.93","49.59","51.58","48.87","20.29K","3.29%"
"04/25/2021","49.31","47.39","49.83","46.84","20.90K","4.07%"
"04/18/2021","47.38","44.90","47.67","44.29","10.84K","5.76%"
"04/11/2021","44.80","44.23","45.18","43.86","12.07K","1.75%"
"04/04/2021","44.03","43.20","44.72","43.13","6.55K","2.85%"
"03/28/2021","42.81","41.84","43.16","41.19","6.83K","1.71%"
"03/21/2021","42.09","42.10","43.35","40.00","13.09K","-0.52%"
"03/14/2021","42.31","42.44","44.07","41.60","37.41K","-2.04%"
"03/07/2021","43.19","39.76","43.22","38.67","24.72K","9.73%"
"02/28/2021","39.36","38.16","39.45","37.03","12.52K","4.68%"
"02/21/2021","37.60","37.73","39.83","36.80","9.20K","-0.27%"
"02/14/2021","37.70","40.18","40.88","37.68","19.69K","-6.41%"
"02/07/2021","40.28","39.39","40.50","37.40","27.72K","4.81%"
"01/31/2021","38.43","33.19","38.90","32.85","6.70K","15.82%"
"01/24/2021","33.18","34.77","34.84","32.48","6.04K","-3.69%"
"01/17/2021","34.45","31.83","34.45","31.56","5.28K","7.79%"
"01/10/2021","31.96","35.29","35.59","31.89","7.78K","-9.05%"
"01/03/2021","35.14","33.14","35.35","32.96","5.73K","6.68%"
"12/27/2020","32.94","32.70","33.61","32.33","1.92K","1.64%"
"12/20/2020","32.41","30.86","32.61","29.98","2.38K","3.35%"
"12/13/2020","31.36","30.83","32.70","30.83","12.06K","1.23%"
"12/06/2020","30.98","30.31","31.77","29.91","26.64K","1.34%"
"11/29/2020","30.57","28.58","30.75","28.53","10.34K","6.93%"
"11/22/2020","28.59","27.66","29.10","27.36","24.08K","5.30%"
"11/15/2020","27.15","27.00","28.20","26.70","11.22K","1.76%"
"11/08/2020","26.68","26.47","27.42","25.83","6.43K","3.21%"
"11/01/2020","25.85","24.00","26.59","23.30","6.53K","6.86%"
"10/25/2020","24.19","25.37","25.37","23.40","7.41K","-6.89%"
"10/18/2020","25.98","25.35","26.05","23.64","10.17K","2.28%"
"10/11/2020","25.40","26.05","26.40","25.17","11.39K","-3.20%"
"10/04/2020","26.24","27.40","28.17","26.07","4.85K","-4.89%"
"09/27/2020","27.59","27.00","28.27","26.65","8.76K","3.14%"
"09/20/2020","26.75","28.47","28.47","26.49","11.34K","-6.73%"
"09/13/2020","28.68","29.35","31.40","28.71","9.77K","-1.07%"
"09/06/2020","28.99","28.27","29.19","27.04","3.69K","3.06%"
"08/30/2020","28.13","30.43","30.43","28.06","5.41K","-7.41%"
"08/23/2020","30.38","27.50","30.69","27.43","9.67K","14.73%"
"08/16/2020","26.48","26.50","27.66","25.95","10.00K","0.46%"
"08/09/2020","26.36","27.96","27.96","25.94","9.13K","-3.51%"
"08/02/2020","27.32","27.45","28.27","26.50","4.11K","0.37%"
"07/26/2020","27.22","27.00","27.69","25.80","8.09K","-0.18%"
"07/19/2020","27.27","27.80","28.26","26.80","11.24K","-5.18%"
"07/12/2020","28.76","30.11","31.35","27.74","9.29K","-3.43%"
"07/05/2020","29.78","29.45","30.52","28.61","1.43K","3.98%"
"06/28/2020","28.64","25.59","28.80","25.50","3.50K","12.49%"
"06/21/2020","25.46","24.56","26.42","24.56","4.58K","2.17%"
"06/14/2020","24.92","22.44","25.30","22.43","1.54K","9.39%"
"06/07/2020","22.78","23.52","23.63","22.66","1.15K","-5.16%"
"05/31/2020","24.02","22.07","23.91","21.74","2.51K","8.30%"
"05/24/2020","22.18","22.24","22.95","21.70","5.34K","-0.05%"
"05/17/2020","22.19","20.30","22.27","20.20","8.28K","11.17%"
"05/10/2020","19.96","19.88","20.00","19.20","3.27K","-1.04%"
"05/03/2020","20.17","19.81","20.50","19.59","2.69K","1.87%"
"04/26/2020","19.80","21.74","21.74","19.85","3.37K","-8.04%"
"04/19/2020","21.53","22.20","22.28","20.28","5.82K","-4.23%"
"04/12/2020","22.48","21.22","23.00","19.74","4.53K","2.84%"
"04/05/2020","21.86","19.20","22.49","19.20","1.47K","16.71%"
"03/29/2020","18.73","17.22","19.12","17.22","0.71K","9.47%"
"03/22/2020","17.11","15.60","18.29","15.15","11.84K","1.60%"
"03/15/2020","16.84","22.00","22.00","16.01","19.87K","-24.75%"
"03/08/2020","22.38","23.57","24.39","22.40","3.51K","-6.08%"
"03/01/2020","23.83","24.42","24.51","23.71","5.87K","-0.79%"
"02/23/2020","24.02","25.51","25.51","23.61","1.53K","-7.72%"
"02/16/2020","26.03","24.64","26.11","24.64","1.22K","5.34%"
"02/09/2020","24.71","23.71","25.02","23.39","0.61K","4.04%"
"02/02/2020","23.75","24.15","24.26","23.35","3.03K","-2.30%"
"01/26/2020","24.31","24.70","25.05","23.90","6.98K","-2.25%"
"01/19/2020","24.87","25.81","26.10","24.80","3.84K","-4.24%"
"01/12/2020","25.97","24.55","25.81","24.20","1.55K","5.01%"
"01/05/2020","24.73","24.95","25.20","24.57","0.74K","-3.02%"
"12/29/2019","25.50","26.77","26.77","25.34","0.15K","-6.42%"
"12/22/2019","27.25","27.55","27.59","27.55","0.03K","0.15%"
"12/15/2019","27.21","24.74","27.40","24.74","0.43K","10.12%"
"12/08/2019","24.71","25.33","26.23","25.00","0.80K","-3.78%"
"12/01/2019","25.68","25.70","25.70","24.58","0.81K","-1.00%"
"11/24/2019","25.94","25.02","25.88","24.93","0.79K","2.49%"
"11/17/2019","25.31","24.18","24.84","24.08","0.16K","3.01%"
"11/10/2019","24.57","25.85","25.89","24.17","1.72K","-3.87%"
"11/03/2019","25.56","25.81","26.67","25.35","0.55K","-1.77%"
"10/27/2019","26.02","25.66","26.74","25.56","1.03K","0.85%"
"10/20/2019","25.80","26.60","26.60","25.55","1.65K","-3.73%"
"10/13/2019","26.80","24.82","26.98","24.82","2.67K","5.68%"
"10/06/2019","25.36","23.83","24.84","23.10","1.83K","6.06%"
"09/29/2019","23.91","26.14","26.17","24.10","3.85K","-9.23%"
"09/22/2019","26.34","27.01","27.01","26.17","0.55K","-4.53%"
"09/15/2019","27.59","27.92","28.10","26.31","1.34K","0.77%"
"09/08/2019","27.38","26.16","28.34","25.95","2.26K","5.11%"
"09/01/2019","26.05","26.94","26.94","25.90","2.87K","-4.82%"
"08/25/2019","27.37","26.71","27.60","26.71","0.41K","4.31%"
"08/18/2019","26.24","27.91","27.91","25.92","0.07K","-3.35%"
"08/11/2019","27.15","29.34","29.34","27.30","1.53K","-7.53%"
"08/04/2019","29.36","30.05","30.15","29.42","1.71K","-4.08%"
"07/28/2019","30.61","29.50","30.73","29.44","0.61K","2.89%"
"07/21/2019","29.75","30.60","31.22","30.15","1.32K","-2.07%"
"07/14/2019","30.38","30.66","31.02","29.47","1.24K","0.40%"
"07/07/2019","30.26","28.22","29.94","27.97","2.27K","9.36%"
"06/30/2019","27.67","28.10","28.44","27.10","2.31K","0.62%"
"06/23/2019","27.50","26.71","28.65","26.71","1.88K","4.09%"
"06/16/2019","26.42","26.15","26.42","25.99","2.36K","1.03%"
"06/09/2019","26.15","25.87","26.09","25.86","0.16K","1.91%"
"06/02/2019","25.66","25.10","25.70","24.98","3.62K","0.83%"
"05/26/2019","25.45","26.02","26.94","25.68","0.33K","-3.74%"
"05/19/2019","26.44","26.18","27.08","26.18","0.62K","1.85%"
"05/12/2019","25.96","26.60","26.60","26.53","0.57K","-2.48%"
"05/05/2019","26.62","26.80","27.65","26.80","0.61K","1.26%"
"04/28/2019","26.29","27.11","27.53","25.69","2.01K","-2.95%"
"04/21/2019","27.09","27.09","27.09","27.09","2.06K","-3.73%"
"04/14/2019","28.14","28.33","28.36","27.84","1.58K","1.15%"
"04/07/2019","27.82","25.99","28.11","25.99","5.36K","7.41%"
"03/31/2019","25.90","22.46","25.60","22.46","1.78K","13.50%"
"03/24/2019","22.82","21.95","23.63","21.95","1.09K","3.77%"
"03/17/2019","21.99","22.45","23.15","21.92","0.56K","-8.07%"
"03/10/2019","23.92","23.80","24.28","23.46","1.60K","-2.45%"
"03/03/2019","24.52","24.50","24.97","23.75","0.30K","3.33%"
"02/24/2019","23.73","20.63","20.76","20.55","1.34K","16.15%"
"02/17/2019","20.43","22.20","22.20","20.23","1.65K","-7.30%"
"02/10/2019","22.04","22.30","22.60","21.74","1.12K","-7.82%"
"02/03/2019","23.91","23.08","25.05","23.08","0.21K","1.53%"
"01/27/2019","23.55","25.06","25.09","24.45","2.63K","-8.29%"
"01/20/2019","25.68","26.28","26.60","25.28","0.90K","-3.57%"
"01/13/2019","26.63","24.32","25.63","24.32","6.99K","8.61%"
"01/06/2019","24.52","24.23","24.88","23.95","4.36K","-4.44%"
"12/30/2018","25.66","25.45","25.77","25.41","0.37K","-5.03%"
"12/23/2018","27.02","27.39","27.41","26.93","0.05K","0.19%"
"12/16/2018","26.97","26.45","27.03","26.45","2.52K","4.70%"
"12/09/2018","25.76","25.00","25.50","25.00","1.06K","13.98%"
"12/02/2018","22.60","22.85","22.90","22.25","2.09K","-0.44%"
"11/25/2018","22.70","22.70","22.70","22.70","0.98K","1.34%"
"11/18/2018","22.40","21.90","23.32","21.90","1.53K","5.11%"
"11/11/2018","21.31","22.79","22.79","21.87","1.80K","-1.57%"
"11/04/2018","21.65","20.39","20.39","20.39","1.33K","12.88%"
"10/28/2018","19.18","19.88","19.88","17.51","7.47K","-6.85%"
"10/21/2018","20.59","22.17","22.49","21.47","0.48K","-9.05%"
"10/14/2018","22.64","23.72","23.76","21.45","5.55K","-6.48%"
"10/07/2018","24.21","26.18","26.20","22.55","3.00K","-7.24%"
"09/30/2018","26.10","24.42","25.38","24.42","0.33K","5.97%"
"09/23/2018","24.63","24.63","24.63","24.63","0.23K","-1.00%"
"09/16/2018","24.88","22.43","22.43","22.43","1.83K","10.97%"
"09/09/2018","22.42","26.51","26.51","23.00","0.88K","-11.49%"
"09/02/2018","25.33","22.22","22.22","22.21","0.44K","9.18%"
"08/26/2018","23.20","23.14","23.65","22.87","0.87K","1.62%"
"08/19/2018","22.83","20.14","22.68","20.14","2.06K","13.92%"
"08/12/2018","20.04","19.81","20.09","19.81","0.77K","1.57%"
"08/05/2018","19.73","19.73","19.73","19.73","0.06K","1.02%"
"07/29/2018","19.53","19.62","19.62","19.56","0.29K","2.30%"
"07/22/2018","19.09","19.16","19.16","19.16","1.75K","1.70%"
"07/15/2018","18.77","18.77","18.77","18.77","0.30K","6.11%"
"07/08/2018","17.69","17.69","17.69","17.69","74.60K","2.37%"
"07/01/2018","17.28","17.28","17.28","17.28","0.00K","4.66%"
"06/24/2018","16.51","16.51","16.51","16.51","0.07K","-0.60%"
"06/17/2018","16.61","16.61","16.61","16.61","0.50K","3.94%"
"06/10/2018","15.98","15.98","15.98","15.98","0.05K","-7.09%"
"06/03/2018","17.20","17.20","17.20","17.20","0.00K","3.93%"
"05/27/2018","16.55","16.55","16.55","16.55","0.07K","-3.61%"
"05/20/2018","17.17","17.17","17.17","17.17","0.07K","4.82%"
"05/13/2018","16.38","16.39","16.39","16.39","0.01K","4.46%"
"05/06/2018","15.68","15.68","15.68","15.68","0.01K","11.68%"
"04/29/2018","14.04","14.04","14.04","14.04","0.00K","-3.70%"
"04/22/2018","14.58","14.58","14.58","14.58","0.11K","3.99%"
"04/15/2018","14.02","14.02","14.02","14.02","0.31K","-5.53%"
"04/08/2018","14.84","14.84","14.84","14.84","118.58K","7.85%"
"04/01/2018","13.76","13.76","13.76","13.76","83.76K","-1.99%"
"03/25/2018","14.04","14.04","14.04","14.04","7.00K","6.12%"
"03/18/2018","13.23","13.23","13.23","13.23","1.06K","12.79%"
"03/11/2018","11.73","11.73","11.73","11.73","0.10K","-0.51%"
"03/04/2018","11.79","11.79","11.79","11.79","0.86K","9.47%"
"02/25/2018","10.77","10.77","10.77","10.77","1.87K","3.26%"
"02/18/2018","10.43","10.43","10.43","10.43","82.13K","2.96%"
"02/11/2018","10.13","10.13","10.13","10.13","0.01K","3.47%"
"02/04/2018","9.79","9.79","9.79","9.79","75.08K","2.73%"
"01/28/2018","9.53","9.53","9.53","9.53","0.38K","-1.45%"
"01/21/2018","9.67","9.67","9.67","9.67","1.00K","4.54%"
"01/14/2018","9.25","9.25","9.25","9.25","0.13K","11.99%"
"01/07/2018","8.26","8.26","8.26","8.26","58.43K","0.85%"
"12/31/2017","8.19","8.19","8.19","8.19","33.52K","-4.77%"
"12/24/2017","8.60","8.60","8.60","8.60","10.98K","-0.23%"
"12/17/2017","8.62","8.62","8.62","8.62","13.04K","12.68%"
"12/10/2017","7.65","7.69","7.69","7.69","0.70K","0.92%"
"12/03/2017","7.58","7.58","7.58","7.58","75.47K","-6.77%"
"11/26/2017","8.13","8.13","8.13","8.13","62.83K","-0.97%"
"11/19/2017","8.21","8.21","8.21","8.21","0.01K","3.53%"
"11/12/2017","7.93","7.93","7.93","7.93","20.60K","0.89%"
"11/05/2017","7.86","7.86","7.86","7.86","0.65K","-5.53%"
"10/29/2017","8.32","8.32","8.32","8.32","0.00K","9.33%"
"10/22/2017","7.61","7.61","7.61","7.61","0.75K","-4.87%"
"10/15/2017","8.00","8.00","8.00","8.00","0.03K","2.83%"
"10/08/2017","7.78","7.78","7.78","7.78","0.15K","3.46%"
"10/01/2017","7.52","7.52","7.52","7.52","10.74K","-0.92%"
"09/24/2017","7.59","7.59","7.59","7.59","11.99K","6.30%"
"09/17/2017","7.14","7.14","7.14","7.14","0.02K","-4.03%"
"09/10/2017","7.44","7.44","7.44","7.44","0.01K","-1.59%"
"09/03/2017","7.56","7.56","7.56","7.56","0.00K","17.57%"
"08/27/2017","6.43","6.43","6.43","6.43","0.16K","-3.89%"
"08/20/2017","6.69","6.69","6.69","6.69","0.11K","4.37%"
"08/13/2017","6.41","6.41","6.41","6.41","21.15K","7.01%"
"08/06/2017","5.99","5.99","5.99","5.99","8.68K","2.22%"
"07/30/2017","5.86","5.86","5.86","5.86","0.01K","2.99%"
"07/23/2017","5.69","5.69","5.69","5.69","5.63K","1.61%"
"07/16/2017","5.60","5.60","5.60","5.60","0.02K","-3.78%"
"07/09/2017","5.82","5.82","5.82","5.82","0.00K","1.39%"
"07/02/2017","5.74","5.74","5.74","5.74","8.97K","5.90%"
"06/25/2017","5.42","5.42","5.42","5.42","11.19K","3.24%"
"06/18/2017","5.25","5.25","5.25","5.25","0.17K","-0.19%"
"06/11/2017","5.26","5.26","5.26","5.26","4.06K","-2.95%"
"06/04/2017","5.42","5.42","5.42","5.42","0.15K","-2.17%"
"05/28/2017","5.54","5.54","5.54","5.54","0.05K","-0.72%"
"05/21/2017","5.58","5.58","5.58","5.58","0.23K","6.90%"
"05/14/2017","5.22","5.22","5.22","5.22","0.03K","8.07%"
"05/07/2017","4.83","4.83","4.83","4.83","0.03K","-2.23%"
"04/30/2017","4.94","4.94","4.94","4.94","0.01K","0.00%"
"04/23/2017","4.94","4.94","4.94","4.94","0.00K","0.00%"
"04/16/2017","4.94","4.94","4.94","4.94","0.01K","-7.14%"
"04/09/2017","5.32","5.32","5.32","5.32","0.00K","1.33%"
"04/02/2017","5.25","5.25","5.25","5.25","0.01K","4.17%"
"03/26/2017","5.04","5.04","5.04","5.04","1.18K","-1.37%"
"03/19/2017","5.11","5.11","5.11","5.11","5.43K","-6.75%"
"03/12/2017","5.48","5.48","5.48","5.48","0.94K","-0.54%"
"03/05/2017","5.51","5.51","5.51","5.51","2.25K","-7.24%"
"02/26/2017","5.94","5.94","5.94","5.94","2.30K","3.66%"
"02/19/2017","5.73","5.73","5.73","5.73","0.01K","7.91%"
"02/12/2017","5.31","5.31","5.31","5.31","0.02K","-2.57%"
"02/05/2017","5.45","5.45","5.45","5.45","8.46K","-0.73%"
"01/29/2017","5.49","5.49","5.49","5.49","0.02K","11.81%"
"01/22/2017","4.91","5.19","5.19","4.95","0.01K","-9.41%"
"01/15/2017","5.42","4.96","4.96","4.66","0.04K","7.75%"
"01/08/2017","5.03","5.05","5.36","5.05","0.01K","0.00%"
"01/01/2017","5.03","5.64","5.68","5.04","0.05K","-23.09%"
"12/25/2016","6.54","6.54","6.54","6.54","0.25K","5.14%"
"12/18/2016","6.22","4.96","5.89","4.93","16.02K","26.17%"
"12/11/2016","4.93","4.51","5.19","4.49","113.04K","10.54%"
"12/04/2016","4.46","4.27","4.78","3.97","96.85K","3.72%"
"11/27/2016","4.30","4.99","4.99","4.25","76.18K","-14.00%"
"11/20/2016","5.00","5.47","5.47","5.35","0.00K","-10.39%"
"11/13/2016","5.58","5.55","5.80","5.55","0.01K","-1.59%"
"11/06/2016","5.67","6.52","6.52","5.70","0.01K","-11.54%"
"10/30/2016","6.41","5.93","5.97","5.93","0.02K","9.01%"
"10/23/2016","5.88","5.76","5.76","5.75","0.01K","-0.17%"
"10/16/2016","5.89","5.90","5.90","5.90","0.00K","1.38%"
"10/09/2016","5.81","5.55","5.64","5.55","0.00K","2.11%"
"10/02/2016","5.69","5.22","5.67","5.22","0.01K","14.72%"
"09/25/2016","4.96","4.64","5.19","4.64","0.10K","9.25%"
"09/18/2016","4.54","4.43","4.65","4.10","0.03K","4.13%"
"09/11/2016","4.36","3.97","3.97","3.97","0.00K","6.86%"
"09/04/2016","4.08","4.08","4.08","4.08","5.67K","0.00%"
"08/28/2016","4.08","4.35","4.35","4.33","1.21K","-13.01%"
"08/21/2016","4.69","4.87","4.87","4.87","0.01K","-1.47%"
"08/14/2016","4.76","4.49","4.49","4.49","0.01K","-2.66%"
"08/07/2016","4.89","4.89","4.89","4.89","1.28K","3.60%"
"07/31/2016","4.72","4.56","4.59","4.56","0.01K","7.03%"
"07/24/2016","4.41","4.40","4.40","4.40","0.00K","-3.08%"
"07/17/2016","4.55","4.72","4.72","4.72","0.01K","-7.52%"
"07/10/2016","4.92","4.53","4.85","4.43","0.09K","8.61%"
"07/03/2016","4.53","4.51","4.72","4.51","0.03K","-1.74%"
"06/26/2016","4.61","5.06","5.06","4.46","0.06K","-6.87%"
"06/19/2016","4.95","5.56","5.57","4.89","2.32K","-12.54%"
"06/12/2016","5.66","5.89","5.89","5.67","0.57K","-4.71%"
"06/05/2016","5.94","6.36","6.36","5.95","0.26K","0.17%"
"05/29/2016","5.93","5.98","5.98","5.98","1.87K","-1.50%"
"05/22/2016","6.02","5.90","5.90","5.81","0.12K","1.18%"
"05/15/2016","5.95","5.90","5.97","5.89","0.54K","1.88%"
"05/08/2016","5.84","5.83","5.85","5.83","0.16K","-0.17%"
"05/01/2016","5.85","5.85","5.85","5.85","2.74K","-5.19%"
"04/24/2016","6.17","5.94","6.06","5.94","0.05K","3.52%"
"04/17/2016","5.96","5.50","5.75","5.50","0.02K","8.96%"
"04/10/2016","5.47","5.52","5.55","5.50","0.07K","1.11%"
"04/03/2016","5.41","5.32","5.32","5.32","0.01K","4.84%"
"03/27/2016","5.16","4.77","5.09","4.77","0.02K","6.61%"
"03/20/2016","4.84","4.84","4.84","4.84","1.52K","-1.83%"
"03/13/2016","4.93","4.97","5.01","4.61","0.32K","-1.00%"
"03/06/2016","4.98","4.97","5.20","4.84","3.83K","1.22%"
"02/28/2016","4.92","4.95","5.02","4.78","3.56K","-1.20%"
"02/21/2016","4.98","5.24","5.24","4.72","0.03K","-3.30%"
"02/14/2016","5.15","4.98","4.98","4.88","0.02K","1.98%"
"02/07/2016","5.05","5.20","5.20","4.63","0.02K","-8.84%"
"01/31/2016","5.54","5.85","5.85","5.60","0.07K","-8.28%"
"01/24/2016","6.04","5.95","5.95","5.90","0.88K","-4.43%"
"01/17/2016","6.32","6.55","6.61","6.55","0.10K","-5.25%"
"01/10/2016","6.67","7.00","7.00","6.73","4.51K","-9.99%"
"01/03/2016","7.41","8.06","8.06","7.93","1.07K","-9.85%"
"12/27/2015","8.22","8.22","8.22","8.22","0.15K","0.37%"
"12/20/2015","8.19","8.19","8.19","8.19","0.01K","1.61%"
"12/13/2015","8.06","7.99","8.12","7.90","23.82K","-0.12%"
"12/06/2015","8.07","8.52","8.53","7.93","131.79K","-5.28%"
"11/29/2015","8.52","8.56","8.65","8.42","91.03K","-0.70%"
"11/22/2015","8.58","8.62","8.62","8.56","0.01K","0.82%"
"11/15/2015","8.51","8.38","8.55","8.38","0.02K","1.43%"
"11/08/2015","8.39","8.39","8.39","8.39","0.96K","-0.12%"
"11/01/2015","8.40","8.50","8.50","8.48","0.02K","-2.67%"
"10/25/2015","8.63","8.56","8.56","8.56","0.01K","0.12%"
"10/18/2015","8.62","8.46","8.53","8.46","0.03K","2.86%"
"10/11/2015","8.38","8.32","8.47","8.32","0.01K","0.60%"
"10/04/2015","8.33","8.33","8.33","8.33","0.25K","2.46%"
"09/27/2015","8.13","7.96","8.15","7.90","0.59K","1.88%"
"09/20/2015","7.98","8.08","8.08","7.96","0.87K","-1.36%"
"09/13/2015","8.09","8.23","8.23","8.13","2.95K","-1.82%"
"09/06/2015","8.24","8.10","8.27","8.10","0.17K","2.11%"
"08/30/2015","8.07","7.99","8.15","7.99","0.13K","-0.25%"
"08/23/2015","8.09","8.13","8.13","8.03","0.32K","-1.10%"
"08/16/2015","8.18","8.25","8.29","8.18","0.05K","-1.45%"
"08/09/2015","8.30","7.93","8.21","7.93","0.09K","6.96%"
"08/02/2015","7.76","7.91","7.95","7.80","0.23K","-1.15%"
"07/26/2015","7.85","7.97","8.04","7.87","0.09K","-1.63%"
"07/19/2015","7.98","7.98","7.98","7.98","0.30K","3.37%"
"07/12/2015","7.72","7.65","7.81","7.65","0.08K","1.71%"
"07/05/2015","7.59","7.39","7.39","7.33","0.06K","2.29%"
"06/28/2015","7.42","7.30","7.47","7.30","1.12K","-1.33%"
"06/21/2015","7.52","7.47","7.55","7.47","5.44K","1.48%"
"06/14/2015","7.41","7.57","7.57","7.40","1.83K","-2.63%"
"06/07/2015","7.61","7.51","7.60","7.51","6.00K","2.84%"
"05/31/2015","7.40","7.25","7.53","7.25","1.23K","1.09%"
"05/24/2015","7.32","7.37","7.37","7.17","1.25K","0.27%"
"05/17/2015","7.30","7.53","7.55","7.27","0.13K","-3.82%"
"05/10/2015","7.59","7.54","7.68","7.51","1.09K","0.80%"
"05/03/2015","7.53","7.55","7.67","7.54","0.08K","0.67%"
"04/26/2015","7.48","7.30","7.50","7.15","0.45K","2.75%"
"04/19/2015","7.28","7.10","7.32","7.06","1.92K","6.43%"
"04/12/2015","6.84","6.92","6.92","6.80","0.79K","-1.44%"
"04/05/2015","6.94","7.14","7.15","6.97","2.47K","-2.94%"
"03/29/2015","7.15","6.79","7.19","6.79","0.45K","5.77%"
"03/22/2015","6.76","6.97","7.07","6.80","3.76K","-3.98%"
"03/15/2015","7.04","6.39","6.95","6.36","40.95K","8.98%"
"03/08/2015","6.46","6.74","6.82","6.23","7.05K","-5.00%"
"03/01/2015","6.80","7.01","7.03","6.62","6.59K","-4.23%"
"02/22/2015","7.10","7.20","7.74","6.93","18.57K","-3.01%"
"02/15/2015","7.32","7.59","7.79","7.30","1.01K","-4.06%"
"02/08/2015","7.63","6.87","7.59","6.81","1.18K","9.78%"
"02/01/2015","6.95","7.08","7.12","6.85","2.84K","-1.84%"
"01/25/2015","7.08","6.82","7.09","6.77","2.48K","4.12%"
"01/18/2015","6.80","7.07","7.34","6.77","15.62K","-4.63%"
"01/11/2015","7.13","6.65","7.31","6.63","4.45K","6.26%"
"01/04/2015","6.71","6.92","6.92","6.66","2.69K","-4.28%"
"12/28/2014","7.01","7.17","7.26","7.17","0.37K","-4.88%"
"12/21/2014","7.37","7.08","7.10","7.08","0.42K","4.10%"
"12/14/2014","7.08","6.64","7.08","6.58","18.98K","6.31%"
"12/07/2014","6.66","6.65","6.80","6.45","126.55K","0.00%"
"11/30/2014","6.66","7.03","7.13","6.64","119.46K","-5.40%"
"11/23/2014","7.04","7.07","7.21","6.99","73.18K","0.72%"
"11/16/2014","6.99","6.93","6.93","6.91","0.21K","5.75%"
"11/09/2014","6.61","6.66","6.81","6.66","0.21K","-2.07%"
"11/02/2014","6.75","6.50","6.58","6.47","0.24K","6.47%"
"10/26/2014","6.34","6.31","6.31","6.31","1.70K","-0.78%"
"10/19/2014","6.39","6.09","6.22","6.09","3.45K","4.41%"
"10/12/2014","6.12","6.11","6.22","6.11","2.64K","1.66%"
"10/05/2014","6.02","5.50","6.11","5.50","0.04K","6.36%"
"09/28/2014","5.66","5.89","5.89","5.55","6.71K","-4.23%"
"09/21/2014","5.91","6.00","6.00","5.65","3.60K","-1.66%"
"09/14/2014","6.01","5.96","5.98","5.75","0.95K","-0.50%"
"09/07/2014","6.04","6.27","6.30","5.96","0.43K","-3.51%"
"08/31/2014","6.26","6.32","6.37","6.06","5.25K","-1.88%"
"08/24/2014","6.38","6.36","6.44","6.28","0.40K","0.47%"
"08/17/2014","6.35","6.41","6.48","6.28","0.36K","-0.16%"
"08/10/2014","6.36","6.02","6.22","6.02","0.04K","6.71%"
"08/03/2014","5.96","6.27","6.27","5.81","1.86K","-4.79%"
"07/27/2014","6.26","6.07","6.31","6.00","3.86K","2.45%"
"07/20/2014","6.11","6.03","6.17","6.02","1.94K","2.17%"
"07/13/2014","5.98","5.70","6.04","5.70","1.08K","4.55%"
"07/06/2014","5.72","5.54","5.77","5.53","0.50K","1.24%"
"06/29/2014","5.65","5.80","6.08","5.64","3.47K","-1.91%"
"06/22/2014","5.76","5.63","5.87","5.63","5.22K","1.95%"
"06/15/2014","5.65","5.66","5.76","5.53","1.42K","-0.18%"
"06/08/2014","5.66","5.51","5.71","5.39","2.11K","4.04%"
"06/01/2014","5.44","4.94","5.54","4.94","1.58K","7.72%"
"05/25/2014","5.05","5.10","5.22","5.06","2.19K","-1.37%"
"05/18/2014","5.12","4.75","5.28","4.60","13.74K","6.89%"
"05/11/2014","4.79","5.30","5.30","4.67","0.76K","-8.59%"
"05/04/2014","5.24","5.16","5.30","5.07","1.97K","1.16%"
"04/27/2014","5.18","5.22","5.45","5.05","8.01K","2.37%"
"04/20/2014","5.06","5.68","5.74","5.01","2.87K","-8.66%"
"04/13/2014","5.54","5.20","5.57","5.20","3.04K","4.33%"
"04/06/2014","5.31","4.66","5.35","4.66","5.98K","13.46%"
"03/30/2014","4.68","4.29","5.15","3.97","5.51K","7.83%"
"03/23/2014","4.34","6.12","6.12","3.98","17.84K","-29.77%"
"03/16/2014","6.18","6.18","6.20","5.66","1.96K","-1.75%"
"03/09/2014","6.29","6.96","6.97","6.18","5.87K","-8.84%"
"03/02/2014","6.90","7.28","7.28","6.30","2.63K","-2.27%"
"02/23/2014","7.06","7.12","7.19","6.12","12.57K","-0.84%"
"02/16/2014","7.12","6.70","7.05","6.66","5.57K","8.37%"
"02/09/2014","6.57","6.40","6.55","6.23","1.16K","2.50%"
"02/02/2014","6.41","5.85","6.40","5.85","0.64K","16.55%"
"01/26/2014","5.50","5.40","5.54","5.40","3.71K","4.96%"
"01/19/2014","5.24","4.84","5.12","4.84","15.93K","3.76%"
"01/12/2014","5.05","4.55","5.11","4.55","10.13K","11.73%"
"01/05/2014","4.52","4.70","4.73","4.50","1.29K","-3.62%"
"12/29/2013","4.69","4.83","4.99","4.75","0.19K","-4.67%"
"12/22/2013","4.92","4.78","4.95","4.78","0.07K","3.58%"
"12/15/2013","4.75","4.79","4.97","4.63","17.65K","-1.04%"
"12/08/2013","4.80","4.75","5.03","4.65","112.33K","0.21%"
"12/01/2013","4.79","4.35","4.81","4.34","90.43K","9.86%"
"11/24/2013","4.36","4.39","4.58","4.35","114.97K","-1.58%"
"11/17/2013","4.43","4.47","4.56","4.32","0.88K","-1.34%"
"11/10/2013","4.49","4.45","4.71","4.41","2.37K","0.22%"
"11/03/2013","4.48","4.59","4.86","4.50","2.93K","-2.82%"
"10/27/2013","4.61","4.89","5.10","4.77","1.03K","-7.62%"
"10/20/2013","4.99","4.87","4.97","4.58","1.01K","-2.35%"
"10/13/2013","5.11","4.55","5.35","4.53","2.39K","11.09%"
"10/06/2013","4.60","5.08","5.08","4.61","0.31K","-9.63%"
"09/29/2013","5.09","5.30","5.30","5.02","1.92K","-5.57%"
"09/22/2013","5.39","5.25","5.51","5.24","14.35K","0.75%"
"09/15/2013","5.35","5.41","5.86","5.30","3.74K","-0.74%"
"09/08/2013","5.39","5.24","5.70","4.95","3.27K","1.32%"
"09/01/2013","5.32","4.53","5.31","4.37","1.89K","16.92%"
"08/25/2013","4.55","4.44","4.61","4.44","3.56K","2.94%"
"08/18/2013","4.42","4.30","4.51","4.29","0.34K","1.84%"
"08/11/2013","4.34","4.42","4.42","4.25","1.06K","-2.03%"
"08/04/2013","4.43","4.41","4.54","4.41","0.10K","1.37%"
"07/28/2013","4.37","4.30","4.35","4.11","8.82K","1.63%"
"07/21/2013","4.30","4.15","4.33","4.15","17.84K","3.37%"
"07/14/2013","4.16","4.01","4.16","4.00","3.21K","3.48%"
"07/07/2013","4.02","4.28","4.28","3.99","4.19K","-5.63%"
"06/30/2013","4.26","4.13","4.80","3.41","8.59K","1.91%"
"06/23/2013","4.18","4.40","4.40","4.04","14.85K","-3.91%"
"06/16/2013","4.35","4.69","4.70","4.21","24.97K","-8.23%"
"06/09/2013","4.74","4.12","4.73","3.88","39.08K","16.46%"
"06/02/2013","4.07","3.81","4.17","3.76","13.16K","4.09%"
"05/26/2013","3.91","3.42","4.01","3.42","6.74K","11.40%"
"05/19/2013","3.51","3.51","3.53","3.15","8.43K","0.57%"
"05/12/2013","3.49","3.26","3.68","3.20","4.26K","4.80%"
"05/05/2013","3.33","3.73","3.73","3.34","1.53K","-10.72%"
"04/28/2013","3.73","3.31","3.64","2.91","0.39K","22.30%"
"04/21/2013","3.05","2.80","3.09","2.71","1.15K","-1.93%"
"04/14/2013","3.11","4.70","5.00","2.49","6.14K","-33.83%"
"04/07/2013","4.70","5.04","5.17","4.19","7.32K","-7.84%"
"03/31/2013","5.10","4.67","5.09","4.67","2.84K","7.59%"
"03/24/2013","4.74","4.16","4.87","4.16","4.83K","16.18%"
"03/17/2013","4.08","3.60","4.46","3.38","21.57K","9.97%"
"03/10/2013","3.71","4.11","4.11","3.38","20.97K","-11.24%"
"03/03/2013","4.18","4.65","4.65","4.07","11.25K","-8.53%"
"02/24/2013","4.57","4.95","4.95","4.05","9.20K","-9.86%"
"02/17/2013","5.07","4.98","5.34","4.16","13.59K","0.20%"
"02/10/2013","5.06","4.30","5.20","4.20","1.54K","14.22%"
"02/03/2013","4.43","3.97","4.62","3.97","1.22K","5.23%"
"01/27/2013","4.21","4.03","4.17","3.22","1.88K","5.25%"
"01/20/2013","4.00","4.88","5.40","3.23","9.96K","-19.52%"
"01/13/2013","4.97","5.69","5.98","4.96","11.40K","-13.11%"
"01/06/2013","5.72","6.34","6.47","5.68","16.24K","-6.84%"
"12/30/2012","6.14","6.44","6.55","6.11","6.17K","-5.54%"
"12/23/2012","6.50","6.86","6.86","6.50","0.21K","-7.14%"
"12/16/2012","7.00","6.64","7.21","6.23","12.07K","6.54%"
"12/09/2012","6.57","6.70","7.13","6.52","128.47K","-3.10%"
"12/02/2012","6.78","6.08","6.84","5.61","146.45K","9.35%"
"11/25/2012","6.20","7.01","7.02","5.89","71.35K","-11.55%"
"11/18/2012","7.01","6.79","7.03","6.52","2.60K","1.74%"
"11/11/2012","6.89","8.35","8.75","6.87","1.00K","-17.19%"
"11/04/2012","8.32","8.11","8.33","8.07","0.76K","2.72%"
"10/28/2012","8.10","7.83","8.18","7.80","1.02K","3.05%"
"10/21/2012","7.86","7.91","7.98","7.56","2.43K","-1.01%"
"10/14/2012","7.94","7.68","8.22","7.65","9.09K","1.79%"
"10/07/2012","7.80","7.71","7.97","7.65","0.11K","0.39%"
"09/30/2012","7.77","7.88","7.92","7.53","0.42K","-2.02%"
"09/23/2012","7.93","7.38","8.05","7.21","1.35K","7.02%"
"09/16/2012","7.41","7.39","7.63","7.26","0.84K","0.14%"
"09/09/2012","7.40","8.36","8.36","7.70","2.11K","-11.16%"
"09/02/2012","8.33","8.15","8.35","8.00","3.92K","3.74%"
"08/26/2012","8.03","8.06","8.30","7.52","0.46K","-1.23%"
"08/19/2012","8.13","7.88","8.09","7.84","0.40K","6.14%"
"08/12/2012","7.66","7.30","7.62","7.30","2.56K","6.98%"
"08/05/2012","7.16","7.04","7.25","7.03","0.54K","1.42%"
"07/29/2012","7.06","6.55","7.20","6.50","3.70K","2.92%"
"07/22/2012","6.86","7.12","7.24","6.60","3.86K","-3.11%"
"07/15/2012","7.08","7.70","7.70","6.73","3.75K","-6.72%"
"07/08/2012","7.59","7.91","8.00","7.48","7.58K","-5.01%"
"07/01/2012","7.99","8.20","8.24","8.20","0.90K","-2.56%"
"06/24/2012","8.20","7.77","8.37","7.76","2.09K","1.36%"
"06/17/2012","8.09","7.27","8.09","7.27","2.02K","11.89%"
"06/10/2012","7.23","6.65","7.20","6.59","0.89K","9.55%"
"06/03/2012","6.60","6.40","6.55","6.40","0.26K","3.45%"
"05/27/2012","6.38","6.88","6.88","6.16","3.03K","-6.18%"
"05/20/2012","6.80","6.44","6.86","6.44","1.62K","7.42%"
"05/13/2012","6.33","6.44","6.55","6.25","1.79K","-5.94%"
"05/06/2012","6.73","6.48","6.81","6.48","0.50K","1.97%"
"04/29/2012","6.60","7.32","7.50","6.64","2.07K","-8.84%"
"04/22/2012","7.24","7.25","7.27","6.97","1.28K","-1.09%"
"04/15/2012","7.32","6.85","7.38","6.76","1.62K","2.81%"
"04/08/2012","7.12","6.52","7.20","6.52","0.93K","6.59%"
"04/01/2012","6.68","6.89","6.89","5.89","0.80K","-4.30%"
"03/25/2012","6.98","6.66","7.20","6.50","2.47K","1.60%"
"03/18/2012","6.87","7.66","7.66","6.67","6.71K","-9.61%"
"03/11/2012","7.60","7.74","8.02","7.52","6.67K","-3.80%"
"03/04/2012","7.90","8.68","8.70","7.67","5.48K","-10.53%"
"02/26/2012","8.83","9.25","9.35","8.45","2.13K","-3.92%"
"02/19/2012","9.19","8.74","9.20","8.45","1.89K","1.66%"
"02/12/2012","9.04","7.63","9.10","7.45","2.95K","17.25%"
"02/05/2012","7.71","8.45","8.52","7.54","3.48K","-7.00%"
"01/29/2012","8.29","7.75","8.61","7.56","4.51K","4.02%"
"01/22/2012","7.97","6.89","7.90","6.76","7.15K","13.53%"
"01/15/2012","7.02","6.48","7.15","6.45","3.41K","4.31%"
"01/08/2012","6.73","6.85","7.02","6.72","1.81K","6.83%"
"01/01/2012","6.30","6.60","6.60","6.15","3.47K","-9.61%"
"12/25/2011","6.97","7.70","7.70","6.95","0.42K","-11.21%"
"12/18/2011","7.85","6.77","9.00","6.50","4.63K","16.30%"
"12/11/2011","6.75","7.84","8.32","6.30","59.18K","-13.90%"
"12/04/2011","7.84","7.85","7.99","6.77","67.49K","0.26%"
"11/27/2011","7.82","8.39","8.58","7.60","52.26K","1.69%"
"11/20/2011","7.69","8.85","9.11","6.98","0.96K","-17.58%"
"11/13/2011","9.33","10.09","10.09","9.26","0.76K","-7.72%"
"11/06/2011","10.11","9.76","9.80","9.69","0.13K","7.67%"
"10/30/2011","9.39","10.12","10.12","9.56","1.10K","-9.45%"
"10/23/2011","10.37","10.48","10.48","10.20","1.25K","0.58%"
"10/16/2011","10.31","10.53","10.53","9.99","3.69K","-0.48%"
"10/09/2011","10.36","10.48","10.78","10.23","1.81K","-0.38%"
"10/02/2011","10.40","10.25","10.52","9.75","3.53K","-2.44%"
"09/25/2011","10.66","11.01","11.02","10.40","3.77K","-5.41%"
"09/18/2011","11.27","11.97","11.98","10.92","1.29K","-6.55%"
"09/11/2011","12.06","11.53","12.32","11.53","1.36K","2.29%"
"09/04/2011","11.79","12.25","12.35","11.73","1.06K","-5.76%"
"08/28/2011","12.51","12.96","13.36","12.69","0.87K","-4.14%"
"08/21/2011","13.05","12.33","13.05","12.33","0.47K","5.58%"
"08/14/2011","12.36","12.09","13.00","12.04","1.70K","0.24%"
"08/07/2011","12.33","10.56","12.30","10.56","1.39K","16.54%"
"07/31/2011","10.58","12.15","12.15","10.50","0.43K","-12.63%"
"07/24/2011","12.11","12.87","12.87","12.00","0.26K","-5.69%"
"07/17/2011","12.84","12.05","12.97","12.05","1.14K","4.73%"
"07/10/2011","12.26","11.99","12.35","11.59","0.47K","-2.23%"
"07/03/2011","12.54","13.35","13.35","12.32","0.13K","-4.35%"
"06/26/2011","13.11","12.22","13.19","12.10","0.35K","8.62%"
"06/19/2011","12.07","15.16","15.17","13.25","2.29K","-21.62%"
"06/12/2011","15.40","16.30","16.41","15.55","2.76K","-5.93%"
"06/05/2011","16.37","16.43","16.43","16.20","1.96K","-0.97%"
"05/29/2011","16.53","16.88","16.93","16.25","1.59K","-0.42%"
"05/22/2011","16.60","16.00","16.54","15.90","3.86K","3.81%"
"05/15/2011","15.99","15.99","15.99","15.99","","-2.38%"
"05/08/2011","16.38","17.20","17.20","16.43","0.89K","-1.68%"
"05/01/2011","16.66","16.60","16.82","16.45","0.50K","-0.24%"
"04/24/2011","16.70","16.52","16.75","16.52","0.21K","1.21%"
"04/17/2011","16.50","16.30","16.51","16.17","0.10K","-1.14%"
"04/10/2011","16.69","16.20","16.70","16.20","0.69K","0.54%"
"04/03/2011","16.60","16.55","16.85","16.55","0.18K","-0.90%"
"03/27/2011","16.75","16.57","17.02","16.56","3.66K","2.57%"
"03/20/2011","16.33","16.55","16.75","15.99","9.19K","-2.57%"
"03/13/2011","16.76","15.60","17.20","15.60","3.22K","9.54%"
"03/06/2011","15.30","15.25","15.50","15.15","1.30K","-1.29%"
"02/27/2011","15.50","15.12","15.25","15.05","0.36K","1.91%"
"02/20/2011","15.21","14.90","15.05","14.90","2.22K","3.96%"
"02/13/2011","14.63","14.39","14.65","14.39","1.44K","-0.27%"
"02/06/2011","14.67","14.67","14.67","14.67","0.04K","1.24%"
"01/30/2011","14.49","14.49","14.49","14.49","","-0.34%"
"01/23/2011","14.54","14.54","14.54","14.54","0.01K","1.96%"
"01/16/2011","14.26","14.35","14.35","14.35","0.05K","-0.07%"
"01/09/2011","14.27","14.27","14.27","14.27","0.03K","-0.97%"
"01/02/2011","14.41","14.41","14.41","14.41","","2.78%"
"12/26/2010","14.02","14.02","14.02","14.02","","1.08%"
"12/19/2010","13.87","13.85","14.05","13.70","4.58K","-0.79%"
"12/12/2010","13.98","14.65","14.83","13.97","47.68K","-4.18%"
"12/05/2010","14.59","14.89","14.94","14.35","42.70K","-1.08%"
"11/28/2010","14.75","15.00","15.07","14.53","44.65K","-2.19%"
"11/21/2010","15.08","14.99","15.37","14.85","49.95K","0.80%"
"11/14/2010","14.96","14.95","15.13","14.56","53.02K","0.40%"
"11/07/2010","14.90","14.50","15.01","14.15","50.78K","2.69%"
"10/31/2010","14.51","14.59","14.88","14.34","43.13K","-0.82%"
"10/24/2010","14.63","15.10","15.21","14.59","44.29K","-2.92%"
"10/17/2010","15.07","15.44","15.50","14.78","53.88K","-2.46%"
"10/10/2010","15.45","15.68","15.90","15.35","42.98K","-0.77%"
"10/03/2010","15.57","15.30","15.62","15.21","36.74K","1.37%"
"09/26/2010","15.36","15.39","15.76","15.22","32.98K","0.85%"
"09/19/2010","15.23","15.03","15.03","15.03","0.01K","-0.20%"
"09/12/2010","15.26","15.26","15.26","15.26","","0.20%"
"09/05/2010","15.23","15.23","15.23","15.23","","-2.93%"
"08/29/2010","15.69","15.69","15.69","15.69","","3.09%"
"08/22/2010","15.22","15.22","15.22","15.22","","1.47%"
"08/15/2010","15.00","15.00","15.00","15.00","","4.02%"
"08/08/2010","14.42","14.42","14.42","14.42","","1.76%"
"08/01/2010","14.17","14.17","14.17","14.17","","0.64%"
"07/25/2010","14.08","14.08","14.08","14.08","","1.00%"
"07/18/2010","13.94","13.94","13.94","13.94","","-1.76%"
"07/11/2010","14.19","14.19","14.19","14.19","0.01K","-2.47%"
"07/04/2010","14.55","14.55","14.55","14.55","","-4.84%"
"06/27/2010","15.29","15.29","15.29","15.29","0.20K","0.07%"
"06/20/2010","15.28","15.28","15.28","15.28","0.02K","-2.18%"
"06/13/2010","15.62","15.55","15.55","15.55","0.00K","0.58%"
"06/06/2010","15.53","15.53","15.53","15.53","","1.84%"
"05/30/2010","15.25","15.25","15.25","15.25","","1.53%"
"05/23/2010","15.02","15.02","15.02","15.02","","1.76%"
"05/16/2010","14.76","14.76","14.76","14.76","","-5.14%"
"05/09/2010","15.56","15.56","15.56","15.56","0.10K","0.91%"
"05/02/2010","15.42","15.42","15.42","15.42","","-2.65%"
"04/25/2010","15.84","15.84","15.84","15.84","","6.67%"
"04/18/2010","14.85","14.85","14.85","14.85","0.15K","3.77%"
"04/11/2010","14.31","14.31","14.31","14.31","0.04K","5.30%"
"04/04/2010","13.59","13.59","13.59","13.59","","4.70%"
"03/28/2010","12.98","12.98","12.98","12.98","","1.33%"
"03/21/2010","12.81","12.81","12.81","12.81","","-1.16%"
"03/14/2010","12.96","12.96","12.96","12.96","0.00K","1.57%"
"03/07/2010","12.76","12.76","12.76","12.76","0.14K","-3.04%"
"02/28/2010","13.16","13.16","13.16","13.16","","2.33%"
"02/21/2010","12.86","12.86","12.86","12.86","","4.05%"
"02/14/2010","12.36","13.20","13.20","13.20","0.02K","-3.59%"
"02/07/2010","12.82","12.82","12.82","12.82","0.05K","-2.21%"
"01/31/2010","13.11","13.11","13.11","13.11","0.50K","3.15%"
"01/24/2010","12.71","13.49","13.49","13.49","0.00K","-2.00%"
"01/17/2010","12.97","12.97","12.97","12.97","","-1.97%"
"01/10/2010","13.23","13.23","13.23","13.23","","3.20%"
"01/03/2010","12.82","12.82","12.82","12.82","","4.14%"
"12/27/2009","12.31","12.31","12.31","12.31","","-1.91%"
"12/20/2009","12.55","12.55","12.55","12.55","","-6.27%"
"12/13/2009","13.39","14.35","14.72","13.50","4.28K","-6.75%"
"12/06/2009","14.36","14.10","14.93","13.95","38.71K","1.70%"
"11/29/2009","14.12","13.18","14.16","12.97","34.44K","7.13%"
"11/22/2009","13.18","13.09","13.22","12.47","51.65K","0.84%"
"11/15/2009","13.07","13.35","13.78","12.98","40.90K","-2.54%"
"11/08/2009","13.41","14.05","14.05","13.17","53.01K","-4.01%"
"11/01/2009","13.97","14.71","14.71","13.95","40.96K","-3.92%"
"10/25/2009","14.54","14.31","14.90","14.07","42.91K","1.04%"
"10/18/2009","14.39","14.24","15.04","14.09","52.67K","1.77%"
"10/11/2009","14.14","13.93","14.81","13.78","46.34K","2.61%"
"10/04/2009","13.78","12.95","13.95","12.92","50.03K","5.59%"
"09/27/2009","13.05","13.50","13.54","12.90","42.33K","-0.08%"
"09/20/2009","13.06","13.80","13.90","13.10","0.40K","-3.97%"
"09/13/2009","13.60","13.60","13.60","13.60","","-6.40%"
"09/06/2009","14.53","14.53","14.53","14.53","","-4.28%"
"08/30/2009","15.18","15.18","15.18","15.18","","0.33%"
"08/23/2009","15.13","15.30","15.30","15.30","0.05K","-1.24%"
"08/16/2009","15.32","15.05","15.10","15.05","0.31K","6.98%"
"08/09/2009","14.32","14.32","14.32","14.32","0.01K","0.42%"
"08/02/2009","14.26","14.26","14.26","14.26","","4.39%"
"07/26/2009","13.66","13.66","13.66","13.66","","-4.27%"
"07/19/2009","14.27","14.27","14.27","14.27","0.01K","1.78%"
"07/12/2009","14.02","14.02","14.02","14.02","","0.65%"
"07/05/2009","13.93","13.93","13.93","13.93","","7.48%"
"06/28/2009","12.96","12.96","12.96","12.96","","-2.19%"
"06/21/2009","13.25","13.25","13.25","13.25","","0.76%"
"06/14/2009","13.15","13.15","13.15","13.15","","2.33%"
"06/07/2009","12.85","12.85","12.85","12.85","","-7.49%"
"05/31/2009","13.89","13.89","13.89","13.89","","-5.19%"
"05/24/2009","14.65","14.65","14.65","14.65","","-1.61%"
"05/17/2009","14.89","14.89","14.89","14.89","","7.82%"
"05/10/2009","13.81","13.81","13.81","13.81","","-9.32%"
"05/03/2009","15.23","15.23","15.23","15.23","","7.63%"
"04/26/2009","14.15","14.15","14.15","14.15","","4.81%"
"04/19/2009","13.50","13.50","13.50","13.50","","-0.74%"
"04/12/2009","13.60","13.60","13.60","13.60","0.03K","4.13%"
"04/05/2009","13.06","13.06","13.06","13.06","","7.22%"
"03/29/2009","12.18","10.85","10.85","10.85","0.03K","11.74%"
"03/22/2009","10.90","11.25","11.25","10.05","5.57K","-0.55%"
"03/15/2009","10.96","11.91","11.91","11.91","3.36K","-9.05%"
"03/08/2009","12.05","10.88","12.05","10.50","0.65K","13.15%"
"03/01/2009","10.65","10.50","11.85","10.50","0.08K","6.93%"
"02/22/2009","9.96","9.96","9.96","9.96","","2.05%"
"02/15/2009","9.76","8.50","10.65","8.50","0.16K","15.50%"
"02/08/2009","8.45","9.95","9.95","9.95","0.01K","-14.39%"
"02/01/2009","9.87","11.07","11.07","10.42","0.22K","-14.69%"
"01/25/2009","11.57","11.90","11.90","11.70","1.28K","1.49%"
"01/18/2009","11.40","12.05","12.05","12.05","0.09K","-7.47%"
"01/11/2009","12.32","13.75","13.75","12.43","0.12K","-12.06%"
"01/04/2009","14.01","15.05","15.05","14.25","0.03K","-7.22%"
"12/28/2008","15.10","15.10","15.10","15.10","","-1.18%"
"12/21/2008","15.28","16.01","16.01","16.01","0.00K","-0.07%"
"12/14/2008","15.29","15.15","15.65","15.15","4.62K","2.76%"
"12/07/2008","14.88","14.30","15.15","13.80","15.29K","8.45%"
"11/30/2008","13.72","15.30","16.10","13.50","17.44K","-11.60%"
"11/23/2008","15.52","14.90","16.36","14.86","24.60K","3.26%"
"11/16/2008","15.03","17.60","17.60","14.78","34.28K","-13.77%"
"11/09/2008","17.43","18.90","19.20","17.25","32.11K","-6.74%"
"11/02/2008","18.69","18.25","19.15","17.75","36.62K","4.18%"
"10/26/2008","17.94","19.15","19.15","17.10","43.39K","-6.27%"
"10/19/2008","19.14","21.80","22.26","18.55","53.59K","-11.72%"
"10/12/2008","21.68","22.44","23.62","21.50","35.60K","-1.63%"
"10/05/2008","22.04","22.55","22.84","21.31","44.31K","-4.46%"
"09/28/2008","23.07","24.31","24.39","21.57","37.99K","-5.64%"
"09/21/2008","24.45","25.10","25.35","24.25","30.68K","-0.93%"
"09/14/2008","24.68","23.25","24.87","22.21","33.14K","3.26%"
"09/07/2008","23.90","24.20","24.75","22.57","33.94K","-2.05%"
"08/31/2008","24.40","25.17","25.43","24.30","20.02K","-3.14%"
"08/24/2008","25.19","24.30","25.47","24.03","14.63K","2.48%"
"08/17/2008","24.58","23.49","25.10","23.36","21.74K","5.99%"
"08/10/2008","23.19","22.89","24.40","22.30","24.03K","2.57%"
"08/03/2008","22.61","21.35","23.39","20.41","34.34K","5.75%"
"07/27/2008","21.38","24.95","24.95","20.71","33.39K","-14.27%"
"07/20/2008","24.94","24.65","25.60","24.31","32.51K","1.80%"
"07/13/2008","24.50","27.60","27.65","24.20","34.59K","-10.75%"
"07/06/2008","27.45","27.70","27.77","25.20","46.08K","-0.69%"
"06/29/2008","27.64","28.70","29.69","26.82","36.02K","-2.47%"
"06/22/2008","28.34","27.59","28.60","27.30","27.58K","3.39%"
"06/15/2008","27.41","26.95","28.09","26.65","24.89K","1.52%"
"06/08/2008","27.00","28.07","28.45","26.77","30.49K","-1.96%"
"06/01/2008","27.54","26.10","27.58","25.89","36.85K","5.52%"
"05/25/2008","26.10","26.01","26.85","25.86","21.82K","-0.04%"
"05/18/2008","26.11","24.99","26.55","24.99","21.94K","4.90%"
"05/11/2008","24.89","25.30","25.80","24.35","19.39K","-1.11%"
"05/04/2008","25.17","25.10","25.45","24.80","12.12K","2.73%"
"04/27/2008","24.50","24.93","25.05","23.52","16.54K","-0.97%"
"04/20/2008","24.74","24.60","25.67","24.20","27.44K","0.94%"
"04/13/2008","24.51","24.25","25.38","24.18","24.28K","0.53%"
"04/06/2008","24.38","23.18","24.62","23.18","20.71K","4.59%"
"03/30/2008","23.31","21.72","24.05","21.56","16.68K","7.12%"
"03/23/2008","21.76","21.77","22.79","21.68","20.11K","-0.96%"
"03/16/2008","21.97","22.20","22.29","20.90","20.96K","-1.08%"
"03/09/2008","22.21","21.26","22.69","21.25","15.54K","3.88%"
"03/02/2008","21.38","21.55","21.58","20.30","19.98K","0.33%"
"02/24/2008","21.31","21.90","21.90","20.88","18.23K","-0.79%"
"02/17/2008","21.48","20.89","22.10","20.68","22.62K","2.92%"
"02/10/2008","20.87","20.80","21.10","19.61","20.88K","2.35%"
"02/03/2008","20.39","19.15","21.00","18.76","27.72K","6.09%"
"01/27/2008","19.22","20.80","21.10","18.71","22.13K","-8.65%"
"01/20/2008","21.04","22.20","22.23","18.60","38.42K","-5.57%"
"01/13/2008","22.28","23.00","23.71","22.01","22.26K","-3.59%"
"01/06/2008","23.11","23.25","24.00","22.85","17.94K","-1.87%"
"12/30/2007","23.55","22.10","23.71","22.10","12.69K","6.03%"
"12/23/2007","22.21","21.93","22.31","21.49","2.77K","1.28%"
"12/16/2007","21.93","0.03","22.60","0.00","7.53K","73,000.00%"
"12/09/2007","0.03","0.02","0.04","0.02","","0.00%"
"12/02/2007","0.03","0.04","0.04","0.02","","200.00%"
"11/25/2007","0.01","0.07","0.07","0.01","","-87.50%"
"11/18/2007","0.08","0.08","0.11","0.07","","0.00%"
"11/11/2007","0.08","0.10","0.10","0.09","","-20.00%"
"11/04/2007","0.10","0.08","0.12","0.06","","25.00%"
"10/28/2007","0.08","0.07","0.11","0.07","","14.29%"
"10/21/2007","0.07","0.07","0.07","0.07","","0.00%"
"10/14/2007","0.07","0.06","0.06","0.06","","0.00%"
"10/07/2007","0.07","0.06","0.10","0.06","","-36.36%"
"09/30/2007","0.11","0.06","0.12","0.06","","37.50%"
"09/23/2007","0.08","0.07","0.08","0.07","","0.00%"
"09/16/2007","0.08","0.07","0.09","0.05","","14.29%"
"09/09/2007","0.07","0.07","0.09","0.07","","-30.00%"
"09/02/2007","0.10","0.10","0.10","0.10","","0.00%"
"08/26/2007","0.10","0.09","0.12","0.09","","-9.09%"
"08/19/2007","0.11","0.11","0.12","0.11","","0.00%"
"08/12/2007","0.11","0.10","0.12","0.10","","10.00%"
"08/05/2007","0.10","0.10","0.11","0.08","","11.11%"
"07/29/2007","0.09","0.11","0.11","0.08","","-25.00%"
"07/22/2007","0.12","0.12","0.13","0.11","","-7.69%"
"07/15/2007","0.13","0.14","0.14","0.10","","0.00%"
"07/08/2007","0.13","0.13","0.20","0.13","","-13.33%"
"07/01/2007","0.15","0.14","0.15","0.12","","15.38%"
"06/24/2007","0.13","0.12","0.15","0.11","","8.33%"
"06/17/2007","0.12","0.14","0.30","0.11","","-29.41%"
"06/10/2007","0.17","0.25","0.25","0.17","","-37.04%"
"06/03/2007","0.27","0.30","0.31","0.26","","-6.90%"
"05/27/2007","0.29","0.28","0.32","0.25","","0.00%"
"05/20/2007","0.29","0.30","0.34","0.17","","3.57%"
"05/13/2007","0.28","0.20","0.38","0.20","","-12.50%"
"05/06/2007","0.32","0.50","0.52","0.15","","-40.74%"
"04/29/2007","0.54","0.46","0.59","0.46","","1.89%"
"04/22/2007","0.53","0.73","0.75","0.50","","-15.87%"
"04/15/2007","0.63","0.73","0.75","0.50","","-17.11%"
"04/08/2007","0.76","0.85","0.85","0.75","","-8.43%"
"04/01/2007","0.83","1.35","1.45","0.81","","-36.64%"
"03/25/2007","1.31","1.05","1.45","1.00","","31.00%"
"03/18/2007","1.00","1.15","1.30","0.95","","-16.67%"
"03/11/2007","1.20","1.40","1.40","1.10","","-11.11%"
"03/04/2007","1.35","1.10","1.50","1.00","","22.73%"
"02/25/2007","1.10","1.00","1.15","0.95","","15.79%"
"02/18/2007","0.95","1.10","1.10","0.80","","-17.39%"
"02/11/2007","1.15","1.65","1.65","1.10","","-30.30%"
"02/04/2007","1.65","2.00","2.00","1.20","","-17.50%"
"01/28/2007","2.00","2.80","3.00","2.00","","-34.43%"
"01/21/2007","3.05","3.75","4.00","2.95","","-23.75%"
"01/14/2007","4.00","4.25","4.50","3.80","","-1.23%"
"01/07/2007","4.05","4.70","4.80","3.45","","-15.62%"
"12/31/2006","4.80","6.50","6.50","4.75","","-27.27%"
"12/24/2006","6.60","6.75","6.85","6.40","","-5.04%"
"12/17/2006","6.95","6.90","7.25","6.60","","5.30%"
"12/10/2006","6.60","7.15","7.25","6.45","","-9.59%"
"12/03/2006","7.30","8.00","8.00","6.55","","-4.58%"
"11/26/2006","7.65","8.85","9.35","7.55","","-16.85%"
"11/19/2006","9.20","8.90","9.45","8.80","","5.14%"
"11/12/2006","8.75","8.20","9.80","8.20","","-2.23%"
"11/05/2006","8.95","10.80","10.80","8.90","","-17.13%"
"10/29/2006","10.80","11.65","11.65","10.55","","-11.11%"
"10/22/2006","12.15","12.90","12.95","12.10","","-6.90%"
"10/15/2006","13.05","12.55","13.20","12.50","","2.35%"
"10/08/2006","12.75","12.65","13.00","12.55","","2.82%"
"10/01/2006","12.40","12.10","12.55","12.10","","-6.77%"
"09/24/2006","13.30","13.40","13.65","12.00","","-3.97%"
"09/17/2006","13.85","16.75","16.80","13.80","","-17.31%"
"09/10/2006","16.75","16.75","17.00","16.70","","-1.18%"
"09/03/2006","16.95","16.55","17.15","16.55","","2.73%"
"08/27/2006","16.50","16.65","16.65","16.30","","-2.94%"
"08/20/2006","17.00","16.75","17.70","16.75","","2.72%"
"08/13/2006","16.55","16.20","16.60","16.20","","0.30%"
"08/06/2006","16.50","15.95","16.75","15.70","","3.77%"
"07/30/2006","15.90","16.85","17.35","15.80","","-5.92%"
"07/23/2006","16.90","17.35","17.40","16.85","","-2.87%"
"07/16/2006","17.40","18.00","18.05","16.95","","-0.57%"
"07/09/2006","17.50","16.80","17.55","16.80","","4.17%"
"07/02/2006","16.80","16.75","17.20","16.25","","1.51%"
"06/25/2006","16.55","15.70","16.85","15.60","","3.12%"
"06/18/2006","16.05","15.75","16.55","15.75","","2.56%"
"06/11/2006","15.65","15.40","15.80","15.20","","7.19%"
"06/04/2006","14.60","16.85","16.85","14.60","","-14.37%"
"05/28/2006","17.05","18.40","18.60","16.65","","-12.79%"
"05/21/2006","19.55","17.55","20.50","17.55","","15.34%"
"05/14/2006","16.95","9.15","19.70","9.15","","72.96%"
"05/07/2006","9.80","12.25","14.10","8.90","","-25.76%"
"04/30/2006","13.20","13.00","14.90","11.75","","-7.37%"
"04/23/2006","14.25","31.10","31.10","14.05","","-53.66%"
"04/16/2006","30.75","31.30","32.05","30.70","","1.99%"
"04/09/2006","30.15","29.90","31.00","29.25","","1.01%"
"04/02/2006","29.85","28.55","30.35","28.35","","5.11%"
"03/26/2006","28.40","27.60","28.45","27.60","","1.61%"
"03/19/2006","27.95","27.95","28.30","27.85","","0.00%"
"03/12/2006","27.95","28.15","28.50","27.70","","0.18%"
"03/05/2006","27.90","28.20","28.35","27.50","","-0.53%"
"02/26/2006","28.05","27.30","28.45","27.25","","1.45%"
"02/19/2006","27.65","28.00","28.50","27.10","","-0.18%"
"02/12/2006","27.70","27.40","28.10","27.05","","1.47%"
"02/05/2006","27.30","28.90","28.90","26.55","","-5.37%"
"01/29/2006","28.85","27.30","28.65","27.30","","7.25%"
"01/22/2006","26.90","26.70","27.45","26.10","","-3.58%"
"01/15/2006","27.90","23.85","27.15","23.85","","16.25%"
"01/08/2006","24.00","23.85","24.40","23.00","","0.00%"
"01/01/2006","24.00","22.75","24.30","22.70","","8.60%"
"12/25/2005","22.10","22.30","22.30","22.15","","3.51%"
"12/18/2005","21.35","22.25","22.25","21.85","","-3.39%"
"12/11/2005","22.10","22.30","22.60","22.30","","1.84%"
"12/04/2005","21.70","22.60","23.40","22.60","","-0.46%"
"11/27/2005","21.80","20.50","21.80","20.20","","8.19%"
"11/20/2005","20.15","21.85","22.70","19.00","","-6.93%"
"11/13/2005","21.65","23.00","23.00","22.70","","-4.63%"
"11/06/2005","22.70","21.95","22.65","21.95","","6.32%"
"10/30/2005","21.35","22.10","22.10","21.00","","-3.39%"
"10/23/2005","22.10","21.40","21.40","21.35","","1.38%"
"10/16/2005","21.80","22.50","22.50","21.75","","-5.42%"
"10/09/2005","23.05","23.05","23.05","23.05","","0.00%"
"10/02/2005","23.05","23.60","23.65","23.00","","0.88%"
"09/25/2005","22.85","21.85","23.20","21.85","","3.63%"
"09/18/2005","22.05","21.75","22.15","21.75","","0.00%"
"09/11/2005","22.05","23.35","23.35","21.75","","-7.16%"
"09/04/2005","23.75","24.70","24.70","24.60","","-4.04%"
"08/28/2005","24.75","24.75","24.75","24.70","","5.10%"
"08/21/2005","23.55","23.55","23.55","23.55","","2.84%"
"08/14/2005","22.90","22.65","22.65","22.65","","0.44%"
"08/07/2005","22.80","22.40","22.90","22.40","","7.29%"
"07/31/2005","21.25","20.90","20.90","20.90","","-4.92%"
"07/24/2005","22.35","22.10","22.10","21.80","","11.19%"
"07/17/2005","20.10","23.75","23.75","18.75","","-17.28%"
"07/10/2005","24.30","29.75","29.75","24.00","","-18.18%"
"07/03/2005","29.70","28.50","29.80","28.50","","10.41%"
"06/26/2005","26.90","27.00","27.00","26.90","","12.08%"
"06/19/2005","24.00","24.00","24.00","24.00","","11.63%"
"06/12/2005","21.50","19.90","20.50","19.90","","9.41%"
"06/05/2005","19.65","19.15","19.45","19.15","","2.88%"
"05/29/2005","19.10","19.75","19.75","19.20","","-2.80%"
"05/22/2005","19.65","19.65","19.65","19.65","","4.80%"
"05/15/2005","18.75","18.75","18.75","18.75","","11.61%"
"05/08/2005","16.80","16.80","16.80","16.80","","1.20%"
"05/01/2005","16.60","16.60","16.60","16.60","","0.61%"
"04/24/2005","16.50","16.50","16.50","16.50","","-2.65%"